40u40,Niagara,2026,sort,title,url,thumb
40u40,Niagara,2026,A00001,Group,https://raw.githubusercontent.com/businesslinkmedia/40u40/refs/heads/niagara-2026-40u40/Group-404u40-119-0.png,https://raw.githubusercontent.com/businesslinkmedia/40u40/refs/heads/niagara-2026-40u40/Group-404u40-119-0_thumbnail.png
40u40,Niagara,2026,A0001,Group,https://raw.githubusercontent.com/businesslinkmedia/40u40/refs/heads/niagara-2026-40u40/Group-404u40-119-1.png,https://raw.githubusercontent.com/businesslinkmedia/40u40/refs/heads/niagara-2026-40u40/Group-404u40-119-1_thumbnail.png
40u40,Niagara,2026,A0010,Chris,https://raw.githubusercontent.com/businesslinkmedia/40u40/refs/heads/niagara-2026-40u40/Chris-404u40-170.jpg,https://raw.githubusercontent.com/businesslinkmedia/40u40/refs/heads/niagara-2026-40u40/Chris-404u40-170_thumbnail.jpg
40u40,Niagara,2026,A0011,Scott,https://raw.githubusercontent.com/businesslinkmedia/40u40/refs/heads/niagara-2026-40u40/Scott-404u40-179.jpg,https://raw.githubusercontent.com/businesslinkmedia/40u40/refs/heads/niagara-2026-40u40/Scott-404u40-179_thumbnail.jpg
40u40,Niagara,2026,A0013,Natalia,https://raw.githubusercontent.com/businesslinkmedia/40u40/refs/heads/niagara-2026-40u40/Natalia-404u40-186.jpg,https://raw.githubusercontent.com/businesslinkmedia/40u40/refs/heads/niagara-2026-40u40/Natalia-404u40-186_thumbnail.jpg
40u40,Niagara,2026,A0014,Jordan,https://raw.githubusercontent.com/businesslinkmedia/40u40/refs/heads/niagara-2026-40u40/Jordan-404u40-201.jpg,https://raw.githubusercontent.com/businesslinkmedia/40u40/refs/heads/niagara-2026-40u40/Jordan-404u40-201_thumbnail.jpg
40u40,Niagara,2026,A0015,Olenka,https://raw.githubusercontent.com/businesslinkmedia/40u40/refs/heads/niagara-2026-40u40/Olenka-404u40-204.jpg,https://raw.githubusercontent.com/businesslinkmedia/40u40/refs/heads/niagara-2026-40u40/Olenka-404u40-204_thumbnail.jpg
40u40,Niagara,2026,A0016,Shanna,https://raw.githubusercontent.com/businesslinkmedia/40u40/refs/heads/niagara-2026-40u40/Shanna-404u40-210.jpg,https://raw.githubusercontent.com/businesslinkmedia/40u40/refs/heads/niagara-2026-40u40/Shanna-404u40-210_thumbnail.jpg
40u40,Niagara,2026,A0017,Azim,https://raw.githubusercontent.com/businesslinkmedia/40u40/refs/heads/niagara-2026-40u40/Azim-404u40-218.jpg,https://raw.githubusercontent.com/businesslinkmedia/40u40/refs/heads/niagara-2026-40u40/Azim-404u40-218_thumbnail.jpg
40u40,Niagara,2026,A0018,Devin,https://raw.githubusercontent.com/businesslinkmedia/40u40/refs/heads/niagara-2026-40u40/Devin-404u40-223.jpg,https://raw.githubusercontent.com/businesslinkmedia/40u40/refs/heads/niagara-2026-40u40/Devin-404u40-223_thumbnail.jpg
40u40,Niagara,2026,A0019,Adriann,https://raw.githubusercontent.com/businesslinkmedia/40u40/refs/heads/niagara-2026-40u40/Adriann-404u40-236.jpg,https://raw.githubusercontent.com/businesslinkmedia/40u40/refs/heads/niagara-2026-40u40/Adriann-404u40-236_thumbnail.jpg
40u40,Niagara,2026,A001,Carly,https://raw.githubusercontent.com/businesslinkmedia/40u40/refs/heads/niagara-2026-40u40/Carly-404u40-119.jpg,https://raw.githubusercontent.com/businesslinkmedia/40u40/refs/heads/niagara-2026-40u40/Carly-404u40-119_thumbnail.jpg
40u40,Niagara,2026,A0021,Jason,https://raw.githubusercontent.com/businesslinkmedia/40u40/refs/heads/niagara-2026-40u40/Jason-404u40-244.jpg,https://raw.githubusercontent.com/businesslinkmedia/40u40/refs/heads/niagara-2026-40u40/Jason-404u40-244_thumbnail.jpg
40u40,Niagara,2026,A0022,Dan,https://raw.githubusercontent.com/businesslinkmedia/40u40/refs/heads/niagara-2026-40u40/Dan-404u40-248.jpg,https://raw.githubusercontent.com/businesslinkmedia/40u40/refs/heads/niagara-2026-40u40/Dan-404u40-248_thumbnail.jpg
40u40,Niagara,2026,A0023,Alexander,https://raw.githubusercontent.com/businesslinkmedia/40u40/refs/heads/niagara-2026-40u40/Alexander-404u40-252.jpg,https://raw.githubusercontent.com/businesslinkmedia/40u40/refs/heads/niagara-2026-40u40/Alexander-404u40-252_thumbnail.jpg
40u40,Niagara,2026,A0024,Amanda,https://raw.githubusercontent.com/businesslinkmedia/40u40/refs/heads/niagara-2026-40u40/Amanda-404u40-258.jpg,https://raw.githubusercontent.com/businesslinkmedia/40u40/refs/heads/niagara-2026-40u40/Amanda-404u40-258_thumbnail.jpg
40u40,Niagara,2026,A0025,Ashley,https://raw.githubusercontent.com/businesslinkmedia/40u40/refs/heads/niagara-2026-40u40/Ashley-404u40-264.jpg,https://raw.githubusercontent.com/businesslinkmedia/40u40/refs/heads/niagara-2026-40u40/Ashley-404u40-264_thumbnail.jpg
40u40,Niagara,2026,A0026,Treasa,https://raw.githubusercontent.com/businesslinkmedia/40u40/refs/heads/niagara-2026-40u40/Treasa-404u40-276.jpg,https://raw.githubusercontent.com/businesslinkmedia/40u40/refs/heads/niagara-2026-40u40/Treasa-404u40-276_thumbnail.jpg
40u40,Niagara,2026,A0027,Eleanor,https://raw.githubusercontent.com/businesslinkmedia/40u40/refs/heads/niagara-2026-40u40/Eleanor-404u40-288.jpg,https://raw.githubusercontent.com/businesslinkmedia/40u40/refs/heads/niagara-2026-40u40/Eleanor-404u40-288_thumbnail.jpg
40u40,Niagara,2026,A0028,Marina,https://raw.githubusercontent.com/businesslinkmedia/40u40/refs/heads/niagara-2026-40u40/Marina-404u40-292.jpg,https://raw.githubusercontent.com/businesslinkmedia/40u40/refs/heads/niagara-2026-40u40/Marina-404u40-292_thumbnail.jpg
40u40,Niagara,2026,A002,Aaron,https://raw.githubusercontent.com/businesslinkmedia/40u40/refs/heads/niagara-2026-40u40/Aaron-404u40-124.jpg,https://raw.githubusercontent.com/businesslinkmedia/40u40/refs/heads/niagara-2026-40u40/Aaron-404u40-124_thumbnail.jpg
40u40,Niagara,2026,A0030,Orel,https://raw.githubusercontent.com/businesslinkmedia/40u40/refs/heads/niagara-2026-40u40/Orel-404u40-301.jpg,https://raw.githubusercontent.com/businesslinkmedia/40u40/refs/heads/niagara-2026-40u40/Orel-404u40-301_thumbnail.jpg
40u40,Niagara,2026,A0031,Ashley,https://raw.githubusercontent.com/businesslinkmedia/40u40/refs/heads/niagara-2026-40u40/Ashley-404u40-308.jpg,https://raw.githubusercontent.com/businesslinkmedia/40u40/refs/heads/niagara-2026-40u40/Ashley-404u40-308_thumbnail.jpg
40u40,Niagara,2026,A0032,Chris,https://raw.githubusercontent.com/businesslinkmedia/40u40/refs/heads/niagara-2026-40u40/Chris-404u40-317.jpg,https://raw.githubusercontent.com/businesslinkmedia/40u40/refs/heads/niagara-2026-40u40/Chris-404u40-317_thumbnail.jpg
40u40,Niagara,2026,A0033,Dean,https://raw.githubusercontent.com/businesslinkmedia/40u40/refs/heads/niagara-2026-40u40/Dean-404u40-329.jpg,https://raw.githubusercontent.com/businesslinkmedia/40u40/refs/heads/niagara-2026-40u40/Dean-404u40-329_thumbnail.jpg
40u40,Niagara,2026,A0034,Alyssa,https://raw.githubusercontent.com/businesslinkmedia/40u40/refs/heads/niagara-2026-40u40/Alyssa-404u40-333.jpg,https://raw.githubusercontent.com/businesslinkmedia/40u40/refs/heads/niagara-2026-40u40/Alyssa-404u40-333_thumbnail.jpg
40u40,Niagara,2026,A0035,Katrina,https://raw.githubusercontent.com/businesslinkmedia/40u40/refs/heads/niagara-2026-40u40/Katrina-404u40-338.jpg,https://raw.githubusercontent.com/businesslinkmedia/40u40/refs/heads/niagara-2026-40u40/Katrina-404u40-338_thumbnail.jpg
40u40,Niagara,2026,A0036,Craig,https://raw.githubusercontent.com/businesslinkmedia/40u40/refs/heads/niagara-2026-40u40/Craig-404u40-344.jpg,https://raw.githubusercontent.com/businesslinkmedia/40u40/refs/heads/niagara-2026-40u40/Craig-404u40-344_thumbnail.jpg
40u40,Niagara,2026,A0037,Cody,https://raw.githubusercontent.com/businesslinkmedia/40u40/refs/heads/niagara-2026-40u40/Cody-404u40-357.jpg,https://raw.githubusercontent.com/businesslinkmedia/40u40/refs/heads/niagara-2026-40u40/Cody-404u40-357_thumbnail.jpg
40u40,Niagara,2026,A0038,Jhonn,https://raw.githubusercontent.com/businesslinkmedia/40u40/refs/heads/niagara-2026-40u40/Jhonn-404u40-352.jpg,https://raw.githubusercontent.com/businesslinkmedia/40u40/refs/heads/niagara-2026-40u40/Jhonn-404u40-352_thumbnail.jpg
40u40,Niagara,2026,A003,Nathan,https://raw.githubusercontent.com/businesslinkmedia/40u40/refs/heads/niagara-2026-40u40/Nathan-404u40-128.jpg,https://raw.githubusercontent.com/businesslinkmedia/40u40/refs/heads/niagara-2026-40u40/Nathan-404u40-128_thumbnail.jpg
40u40,Niagara,2026,A0040,Felicia,https://raw.githubusercontent.com/businesslinkmedia/40u40/refs/heads/niagara-2026-40u40/Felicia-404u40-370.jpg,https://raw.githubusercontent.com/businesslinkmedia/40u40/refs/heads/niagara-2026-40u40/Felicia-404u40-370_thumbnail.jpg
40u40,Niagara,2026,A004,Julia,https://raw.githubusercontent.com/businesslinkmedia/40u40/refs/heads/niagara-2026-40u40/Julia-404u40-130.jpg,https://raw.githubusercontent.com/businesslinkmedia/40u40/refs/heads/niagara-2026-40u40/Julia-404u40-130_thumbnail.jpg
40u40,Niagara,2026,A005,Janine,https://raw.githubusercontent.com/businesslinkmedia/40u40/refs/heads/niagara-2026-40u40/Janine-404u40-136.jpg,https://raw.githubusercontent.com/businesslinkmedia/40u40/refs/heads/niagara-2026-40u40/Janine-404u40-136_thumbnail.jpg
40u40,Niagara,2026,A006,David,https://raw.githubusercontent.com/businesslinkmedia/40u40/refs/heads/niagara-2026-40u40/David-404u40-147.jpg,https://raw.githubusercontent.com/businesslinkmedia/40u40/refs/heads/niagara-2026-40u40/David-404u40-147_thumbnail.jpg
40u40,Niagara,2026,A007,Nishan,https://raw.githubusercontent.com/businesslinkmedia/40u40/refs/heads/niagara-2026-40u40/Nishan-404u40-150.jpg,https://raw.githubusercontent.com/businesslinkmedia/40u40/refs/heads/niagara-2026-40u40/Nishan-404u40-150_thumbnail.jpg
40u40,Niagara,2026,A008,Robert,https://raw.githubusercontent.com/businesslinkmedia/40u40/refs/heads/niagara-2026-40u40/Robert-404u40-157.jpg,https://raw.githubusercontent.com/businesslinkmedia/40u40/refs/heads/niagara-2026-40u40/Robert-404u40-157_thumbnail.jpg
40u40,Niagara,2026,A009,Andrea,https://raw.githubusercontent.com/businesslinkmedia/40u40/refs/heads/niagara-2026-40u40/Andrea-404u40-161.jpg,https://raw.githubusercontent.com/businesslinkmedia/40u40/refs/heads/niagara-2026-40u40/Andrea-404u40-161_thumbnail.jpg
40u40,Niagara,2026,b001,Emma404u40,https://raw.githubusercontent.com/businesslinkmedia/40u40/refs/heads/niagara-2026-40u40/Emma404u40-185.jpg,https://raw.githubusercontent.com/businesslinkmedia/40u40/refs/heads/niagara-2026-40u40/Emma404u40-185_thumbnail.jpg
40u40,Niagara,2026,b0020,Sandeep,https://raw.githubusercontent.com/businesslinkmedia/40u40/refs/heads/niagara-2026-40u40/Sandeep-404u40-239.jpg,https://raw.githubusercontent.com/businesslinkmedia/40u40/refs/heads/niagara-2026-40u40/Sandeep-404u40-239_thumbnail.jpg
40u40,Niagara,2026,b0029,404u40,https://raw.githubusercontent.com/businesslinkmedia/40u40/refs/heads/niagara-2026-40u40/404u40-297.jpg,https://raw.githubusercontent.com/businesslinkmedia/40u40/refs/heads/niagara-2026-40u40/404u40-297_thumbnail.jpg
40u40,Niagara,2026,c001,AIA,https://raw.githubusercontent.com/businesslinkmedia/40u40/refs/heads/niagara-2026-40u40/AIA-404u40-64.jpg,https://raw.githubusercontent.com/businesslinkmedia/40u40/refs/heads/niagara-2026-40u40/AIA-404u40-64_thumbnail.jpg
40u40,Niagara,2026,c002,aia,https://raw.githubusercontent.com/businesslinkmedia/40u40/refs/heads/niagara-2026-40u40/aia-404u40-63.jpg,https://raw.githubusercontent.com/businesslinkmedia/40u40/refs/heads/niagara-2026-40u40/aia-404u40-63_thumbnail.jpg
40u40,Niagara,2026,D001,BIC,https://raw.githubusercontent.com/businesslinkmedia/40u40/refs/heads/niagara-2026-40u40/BIC-404u40-395.jpg,https://raw.githubusercontent.com/businesslinkmedia/40u40/refs/heads/niagara-2026-40u40/BIC-404u40-395_thumbnail.jpg
40u40,Niagara,2026,e00001,404u40,https://raw.githubusercontent.com/businesslinkmedia/40u40/refs/heads/niagara-2026-40u40/404u40-112.jpg,https://raw.githubusercontent.com/businesslinkmedia/40u40/refs/heads/niagara-2026-40u40/404u40-112_thumbnail.jpg
40u40,Niagara,2026,e00002,404u40,https://raw.githubusercontent.com/businesslinkmedia/40u40/refs/heads/niagara-2026-40u40/404u40-113.jpg,https://raw.githubusercontent.com/businesslinkmedia/40u40/refs/heads/niagara-2026-40u40/404u40-113_thumbnail.jpg
40u40,Niagara,2026,e00003,404u40,https://raw.githubusercontent.com/businesslinkmedia/40u40/refs/heads/niagara-2026-40u40/404u40-114.jpg,https://raw.githubusercontent.com/businesslinkmedia/40u40/refs/heads/niagara-2026-40u40/404u40-114_thumbnail.jpg
40u40,Niagara,2026,e00004,404u40,https://raw.githubusercontent.com/businesslinkmedia/40u40/refs/heads/niagara-2026-40u40/404u40-118.jpg,https://raw.githubusercontent.com/businesslinkmedia/40u40/refs/heads/niagara-2026-40u40/404u40-118_thumbnail.jpg
40u40,Niagara,2026,e00005,404u40,https://raw.githubusercontent.com/businesslinkmedia/40u40/refs/heads/niagara-2026-40u40/404u40-14.jpg,https://raw.githubusercontent.com/businesslinkmedia/40u40/refs/heads/niagara-2026-40u40/404u40-14_thumbnail.jpg
40u40,Niagara,2026,e00006,404u40,https://raw.githubusercontent.com/businesslinkmedia/40u40/refs/heads/niagara-2026-40u40/404u40-22.jpg,https://raw.githubusercontent.com/businesslinkmedia/40u40/refs/heads/niagara-2026-40u40/404u40-22_thumbnail.jpg
40u40,Niagara,2026,e00007,404u40,https://raw.githubusercontent.com/businesslinkmedia/40u40/refs/heads/niagara-2026-40u40/404u40-26.jpg,https://raw.githubusercontent.com/businesslinkmedia/40u40/refs/heads/niagara-2026-40u40/404u40-26_thumbnail.jpg
40u40,Niagara,2026,e00008,404u40,https://raw.githubusercontent.com/businesslinkmedia/40u40/refs/heads/niagara-2026-40u40/404u40-29.jpg,https://raw.githubusercontent.com/businesslinkmedia/40u40/refs/heads/niagara-2026-40u40/404u40-29_thumbnail.jpg
40u40,Niagara,2026,e00009,404u40,https://raw.githubusercontent.com/businesslinkmedia/40u40/refs/heads/niagara-2026-40u40/404u40-2.jpg,https://raw.githubusercontent.com/businesslinkmedia/40u40/refs/heads/niagara-2026-40u40/404u40-2_thumbnail.jpg
40u40,Niagara,2026,e00010,404u40,https://raw.githubusercontent.com/businesslinkmedia/40u40/refs/heads/niagara-2026-40u40/404u40-30.jpg,https://raw.githubusercontent.com/businesslinkmedia/40u40/refs/heads/niagara-2026-40u40/404u40-30_thumbnail.jpg
40u40,Niagara,2026,e00011,404u40,https://raw.githubusercontent.com/businesslinkmedia/40u40/refs/heads/niagara-2026-40u40/404u40-35.jpg,https://raw.githubusercontent.com/businesslinkmedia/40u40/refs/heads/niagara-2026-40u40/404u40-35_thumbnail.jpg
40u40,Niagara,2026,e00012,404u40,https://raw.githubusercontent.com/businesslinkmedia/40u40/refs/heads/niagara-2026-40u40/404u40-39.jpg,https://raw.githubusercontent.com/businesslinkmedia/40u40/refs/heads/niagara-2026-40u40/404u40-39_thumbnail.jpg
40u40,Niagara,2026,e00013,404u40,https://raw.githubusercontent.com/businesslinkmedia/40u40/refs/heads/niagara-2026-40u40/404u40-437.jpg,https://raw.githubusercontent.com/businesslinkmedia/40u40/refs/heads/niagara-2026-40u40/404u40-437_thumbnail.jpg
40u40,Niagara,2026,e00014,404u40,https://raw.githubusercontent.com/businesslinkmedia/40u40/refs/heads/niagara-2026-40u40/404u40-43.jpg,https://raw.githubusercontent.com/businesslinkmedia/40u40/refs/heads/niagara-2026-40u40/404u40-43_thumbnail.jpg
40u40,Niagara,2026,e00015,404u40,https://raw.githubusercontent.com/businesslinkmedia/40u40/refs/heads/niagara-2026-40u40/404u40-4.jpg,https://raw.githubusercontent.com/businesslinkmedia/40u40/refs/heads/niagara-2026-40u40/404u40-4_thumbnail.jpg
40u40,Niagara,2026,e00016,404u40,https://raw.githubusercontent.com/businesslinkmedia/40u40/refs/heads/niagara-2026-40u40/404u40-52.jpg,https://raw.githubusercontent.com/businesslinkmedia/40u40/refs/heads/niagara-2026-40u40/404u40-52_thumbnail.jpg
40u40,Niagara,2026,e00017,404u40,https://raw.githubusercontent.com/businesslinkmedia/40u40/refs/heads/niagara-2026-40u40/404u40-54.jpg,https://raw.githubusercontent.com/businesslinkmedia/40u40/refs/heads/niagara-2026-40u40/404u40-54_thumbnail.jpg
40u40,Niagara,2026,e00018,404u40,https://raw.githubusercontent.com/businesslinkmedia/40u40/refs/heads/niagara-2026-40u40/404u40-56.jpg,https://raw.githubusercontent.com/businesslinkmedia/40u40/refs/heads/niagara-2026-40u40/404u40-56_thumbnail.jpg
40u40,Niagara,2026,e00019,404u40,https://raw.githubusercontent.com/businesslinkmedia/40u40/refs/heads/niagara-2026-40u40/404u40-57.jpg,https://raw.githubusercontent.com/businesslinkmedia/40u40/refs/heads/niagara-2026-40u40/404u40-57_thumbnail.jpg
40u40,Niagara,2026,e00020,404u40,https://raw.githubusercontent.com/businesslinkmedia/40u40/refs/heads/niagara-2026-40u40/404u40-65.jpg,https://raw.githubusercontent.com/businesslinkmedia/40u40/refs/heads/niagara-2026-40u40/404u40-65_thumbnail.jpg
40u40,Niagara,2026,e00021,404u40,https://raw.githubusercontent.com/businesslinkmedia/40u40/refs/heads/niagara-2026-40u40/404u40-86.jpg,https://raw.githubusercontent.com/businesslinkmedia/40u40/refs/heads/niagara-2026-40u40/404u40-86_thumbnail.jpg
40u40,Niagara,2026,e00022,404u40,https://raw.githubusercontent.com/businesslinkmedia/40u40/refs/heads/niagara-2026-40u40/404u40-92.jpg,https://raw.githubusercontent.com/businesslinkmedia/40u40/refs/heads/niagara-2026-40u40/404u40-92_thumbnail.jpg
40u40,Niagara,2026,e00023,404u40,https://raw.githubusercontent.com/businesslinkmedia/40u40/refs/heads/niagara-2026-40u40/404u40-97.jpg,https://raw.githubusercontent.com/businesslinkmedia/40u40/refs/heads/niagara-2026-40u40/404u40-97_thumbnail.jpg
40u40,Niagara,2026,e00024,404u40,https://raw.githubusercontent.com/businesslinkmedia/40u40/refs/heads/niagara-2026-40u40/404u40-98.jpg,https://raw.githubusercontent.com/businesslinkmedia/40u40/refs/heads/niagara-2026-40u40/404u40-98_thumbnail.jpg
